timestamp,device,manufacturer,android,operator,network_type,deployment_mode,display_override,registered,ss_rsrp,ss_rsrq,ss_sinr,csi_rsrp,csi_rsrq,csi_sinr,pci,nci,nrarfcn
30-09-26 22:51:39,2406ERN9CI,Xiaomi,16,Airtel FastLane,5G NR,UNKNOWN,NONE,True,-97.0,-12.0,6.0,,,,336,13322280247,629952
30-09-26 22:51:42,2406ERN9CI,Xiaomi,16,Airtel FastLane,5G NR,UNKNOWN,NONE,True,-97.0,-12.0,7.0,,,,336,13322280247,629952
30-09-26 22:51:45,2406ERN9CI,Xiaomi,16,Airtel FastLane,5G NR,UNKNOWN,NONE,True,-97.0,-11.0,6.0,,,,336,13322280247,629952
30-09-26 22:51:48,2406ERN9CI,Xiaomi,16,Airtel FastLane,5G NR,UNKNOWN,NONE,True,-99.0,-12.0,3.0,,,,336,13322280247,629952
30-09-26 22:51:51,2406ERN9CI,Xiaomi,16,Airtel FastLane,5G NR,UNKNOWN,NONE,True,-99.0,-12.0,6.0,,,,336,13322280247,629952
30-09-26 22:51:54,2406ERN9CI,Xiaomi,16,Airtel FastLane,5G NR,UNKNOWN,NONE,True,-99.0,-12.0,6.0,,,,336,13322280247,629952
30-09-26 22:51:57,2406ERN9CI,Xiaomi,16,Airtel FastLane,5G NR,UNKNOWN,NONE,True,-99.0,-11.0,8.0,,,,336,13322280247,629952
30-09-26 22:52:00,2406ERN9CI,Xiaomi,16,Airtel FastLane,5G NR,UNKNOWN,NONE,True,-98.0,-12.0,8.0,,,,336,13322280247,629952
30-09-26 22:52:03,2406ERN9CI,Xiaomi,16,Airtel FastLane,5G NR,UNKNOWN,NONE,True,-103.0,-13.0,2.0,,,,336,13322280247,629952
30-09-26 22:52:06,2406ERN9CI,Xiaomi,16,Airtel FastLane,5G NR,UNKNOWN,NONE,True,-108.0,-16.0,-3.0,,,,336,13322280247,629952
30-09-26 22:52:09,2406ERN9CI,Xiaomi,16,Airtel FastLane,5G NR,UNKNOWN,NONE,True,-106.0,-15.0,0.0,,,,565,13322281271,629952
30-09-26 22:52:12,2406ERN9CI,Xiaomi,16,Airtel FastLane,5G NR,UNKNOWN,NONE,True,-105.0,-16.0,-4.0,,,,565,13322281271,629952
30-09-26 22:52:15,2406ERN9CI,Xiaomi,16,Airtel FastLane,5G NR,UNKNOWN,NONE,True,-101.0,-15.0,-1.0,,,,565,13322281271,629952
30-09-26 22:52:18,2406ERN9CI,Xiaomi,16,Airtel FastLane,5G NR,UNKNOWN,NONE,True,-101.0,-14.0,2.0,,,,565,13322281271,629952
30-09-26 22:52:21,2406ERN9CI,Xiaomi,16,Airtel FastLane,5G NR,UNKNOWN,NONE,True,-99.0,-13.0,1.0,,,,565,13322281271,629952
30-09-26 22:52:24,2406ERN9CI,Xiaomi,16,Airtel FastLane,5G NR,UNKNOWN,NONE,True,-100.0,-13.0,2.0,,,,565,13322281271,629952
30-09-26 22:52:27,2406ERN9CI,Xiaomi,16,Airtel FastLane,5G NR,UNKNOWN,NONE,True,-99.0,-14.0,0.0,,,,565,13322281271,629952
30-09-26 22:52:30,2406ERN9CI,Xiaomi,16,Airtel FastLane,5G NR,UNKNOWN,NONE,True,-100.0,-14.0,1.0,,,,565,13322281271,629952
30-09-26 22:52:33,2406ERN9CI,Xiaomi,16,Airtel FastLane,5G NR,UNKNOWN,NONE,True,-101.0,-14.0,1.0,,,,565,13322281271,629952
30-09-26 22:52:36,2406ERN9CI,Xiaomi,16,Airtel FastLane,5G NR,UNKNOWN,NONE,True,-101.0,-14.0,0.0,,,,565,13322281271,629952
30-09-26 22:52:39,2406ERN9CI,Xiaomi,16,Airtel FastLane,5G NR,UNKNOWN,NONE,True,-99.0,-14.0,0.0,,,,565,13322281271,629952
30-09-26 22:52:42,2406ERN9CI,Xiaomi,16,Airtel FastLane,5G NR,UNKNOWN,NONE,True,-101.0,-15.0,0.0,,,,565,13322281271,629952
30-09-26 22:52:45,2406ERN9CI,Xiaomi,16,Airtel FastLane,5G NR,UNKNOWN,NONE,True,-100.0,-13.0,1.0,,,,565,13322281271,629952
30-09-26 22:52:48,2406ERN9CI,Xiaomi,16,Airtel FastLane,5G NR,UNKNOWN,NONE,True,-100.0,-14.0,1.0,,,,565,13322281271,629952
30-09-26 22:52:51,2406ERN9CI,Xiaomi,16,Airtel FastLane,5G NR,UNKNOWN,NONE,True,-102.0,-15.0,0.0,,,,565,13322281271,629952
30-09-26 22:52:54,2406ERN9CI,Xiaomi,16,Airtel FastLane,5G NR,UNKNOWN,NONE,True,-100.0,-14.0,-1.0,,,,565,13322281271,629952
30-09-26 22:52:57,2406ERN9CI,Xiaomi,16,Airtel FastLane,5G NR,UNKNOWN,NONE,True,-100.0,-15.0,0.0,,,,565,13322281271,629952
30-09-26 22:53:00,2406ERN9CI,Xiaomi,16,Airtel FastLane,5G NR,UNKNOWN,NONE,True,-101.0,-15.0,0.0,,,,565,13322281271,629952
30-09-26 22:53:03,2406ERN9CI,Xiaomi,16,Airtel FastLane,5G NR,UNKNOWN,NONE,True,-100.0,-14.0,1.0,,,,565,13322281271,629952
30-09-26 22:53:06,2406ERN9CI,Xiaomi,16,Airtel FastLane,5G NR,UNKNOWN,NONE,True,-101.0,-14.0,0.0,,,,565,13322281271,629952
30-09-26 22:53:09,2406ERN9CI,Xiaomi,16,Airtel FastLane,5G NR,UNKNOWN,NONE,True,-99.0,-13.0,0.0,,,,565,13322281271,629952
30-09-26 22:53:12,2406ERN9CI,Xiaomi,16,Airtel FastLane,5G NR,UNKNOWN,NONE,True,-100.0,-13.0,2.0,,,,565,13322281271,629952
30-09-26 22:53:15,2406ERN9CI,Xiaomi,16,Airtel FastLane,5G NR,UNKNOWN,NONE,True,-100.0,-14.0,1.0,,,,565,13322281271,629952
30-09-26 22:53:18,2406ERN9CI,Xiaomi,16,Airtel FastLane,5G NR,UNKNOWN,NONE,True,-100.0,-14.0,0.0,,,,565,13322281271,629952
30-09-26 22:53:21,2406ERN9CI,Xiaomi,16,Airtel FastLane,5G NR,UNKNOWN,NONE,True,-100.0,-14.0,0.0,,,,565,13322281271,629952
30-09-26 22:53:24,2406ERN9CI,Xiaomi,16,Airtel FastLane,5G NR,UNKNOWN,NONE,True,-102.0,-14.0,0.0,,,,565,13322281271,629952
30-09-26 22:53:27,2406ERN9CI,Xiaomi,16,Airtel FastLane,5G NR,UNKNOWN,NONE,True,-100.0,-14.0,1.0,,,,565,13322281271,629952
30-09-26 22:53:30,2406ERN9CI,Xiaomi,16,Airtel FastLane,5G NR,UNKNOWN,NONE,True,-99.0,-14.0,0.0,,,,565,13322281271,629952
30-09-26 22:53:33,2406ERN9CI,Xiaomi,16,Airtel FastLane,5G NR,UNKNOWN,NONE,True,-99.0,-13.0,1.0,,,,565,13322281271,629952
30-09-26 22:53:36,2406ERN9CI,Xiaomi,16,Airtel FastLane,5G NR,UNKNOWN,NONE,True,-99.0,-13.0,1.0,,,,565,13322281271,629952
30-09-26 22:53:39,2406ERN9CI,Xiaomi,16,Airtel FastLane,5G NR,UNKNOWN,NONE,True,-99.0,-13.0,1.0,,,,565,13322281271,629952
30-09-26 22:53:42,2406ERN9CI,Xiaomi,16,Airtel FastLane,5G NR,UNKNOWN,NONE,True,-101.0,-13.0,0.0,,,,565,13322281271,629952
30-09-26 22:53:45,2406ERN9CI,Xiaomi,16,Airtel FastLane,5G NR,UNKNOWN,NONE,True,-99.0,-13.0,2.0,,,,565,13322281271,629952
30-09-26 22:53:48,2406ERN9CI,Xiaomi,16,Airtel FastLane,5G NR,UNKNOWN,NONE,True,-101.0,-13.0,0.0,,,,565,13322281271,629952
30-09-26 22:53:51,2406ERN9CI,Xiaomi,16,Airtel FastLane,5G NR,UNKNOWN,NONE,True,-99.0,-13.0,0.0,,,,565,13322281271,629952
30-09-26 22:53:54,2406ERN9CI,Xiaomi,16,Airtel FastLane,5G NR,UNKNOWN,NONE,True,-101.0,-16.0,0.0,,,,565,13322281271,629952
30-09-26 22:53:57,2406ERN9CI,Xiaomi,16,Airtel FastLane,5G NR,UNKNOWN,NONE,True,-101.0,-15.0,0.0,,,,565,13322281271,629952
30-09-26 22:54:00,2406ERN9CI,Xiaomi,16,Airtel FastLane,5G NR,UNKNOWN,NONE,True,-100.0,-14.0,1.0,,,,565,13322281271,629952
30-09-26 22:54:04,2406ERN9CI,Xiaomi,16,Airtel FastLane,5G NR,UNKNOWN,NONE,True,-100.0,-14.0,0.0,,,,565,13322281271,629952
30-09-26 22:54:07,2406ERN9CI,Xiaomi,16,Airtel FastLane,5G NR,UNKNOWN,NONE,True,-101.0,-14.0,1.0,,,,565,13322281271,629952
30-09-26 22:54:10,2406ERN9CI,Xiaomi,16,Airtel FastLane,5G NR,UNKNOWN,NONE,True,-100.0,-14.0,2.0,,,,565,13322281271,629952
30-09-26 22:54:13,2406ERN9CI,Xiaomi,16,Airtel FastLane,5G NR,UNKNOWN,NONE,True,-99.0,-13.0,0.0,,,,565,13322281271,629952
30-09-26 22:54:16,2406ERN9CI,Xiaomi,16,Airtel FastLane,5G NR,UNKNOWN,NONE,True,-100.0,-13.0,2.0,,,,565,13322281271,629952
30-09-26 22:54:19,2406ERN9CI,Xiaomi,16,Airtel FastLane,5G NR,UNKNOWN,NONE,True,-100.0,-13.0,-3.0,,,,565,13322281271,629952
30-09-26 22:54:22,2406ERN9CI,Xiaomi,16,Airtel FastLane,5G NR,UNKNOWN,NONE,True,-100.0,-13.0,1.0,,,,565,13322281271,629952
30-09-26 22:54:25,2406ERN9CI,Xiaomi,16,Airtel FastLane,5G NR,UNKNOWN,NONE,True,-99.0,-13.0,1.0,,,,565,13322281271,629952
30-09-26 22:54:28,2406ERN9CI,Xiaomi,16,Airtel FastLane,5G NR,UNKNOWN,NONE,True,-100.0,-14.0,1.0,,,,565,13322281271,629952
30-09-26 22:54:31,2406ERN9CI,Xiaomi,16,Airtel FastLane,5G NR,UNKNOWN,NONE,True,-101.0,-14.0,1.0,,,,565,13322281271,629952
30-09-26 22:54:34,2406ERN9CI,Xiaomi,16,Airtel FastLane,5G NR,UNKNOWN,NONE,True,-100.0,-14.0,-1.0,,,,565,13322281271,629952
30-09-26 22:54:37,2406ERN9CI,Xiaomi,16,Airtel FastLane,5G NR,UNKNOWN,NONE,True,-100.0,-14.0,1.0,,,,565,13322281271,629952
30-09-26 22:54:40,2406ERN9CI,Xiaomi,16,Airtel FastLane,5G NR,UNKNOWN,NONE,True,-99.0,-13.0,1.0,,,,565,13322281271,629952
30-09-26 22:54:43,2406ERN9CI,Xiaomi,16,Airtel FastLane,5G NR,UNKNOWN,NONE,True,-99.0,-13.0,1.0,,,,565,13322281271,629952
30-09-26 22:54:46,2406ERN9CI,Xiaomi,16,Airtel FastLane,5G NR,UNKNOWN,NONE,True,-100.0,-13.0,1.0,,,,565,13322281271,629952
30-09-26 22:54:49,2406ERN9CI,Xiaomi,16,Airtel FastLane,5G NR,UNKNOWN,NONE,True,-101.0,-14.0,1.0,,,,565,13322281271,629952
30-09-26 22:54:52,2406ERN9CI,Xiaomi,16,Airtel FastLane,5G NR,UNKNOWN,NONE,True,-101.0,-14.0,0.0,,,,565,13322281271,629952
30-09-26 22:54:55,2406ERN9CI,Xiaomi,16,Airtel FastLane,5G NR,UNKNOWN,NONE,True,-102.0,-14.0,0.0,,,,565,13322281271,629952
30-09-26 22:54:58,2406ERN9CI,Xiaomi,16,Airtel FastLane,5G NR,UNKNOWN,NONE,True,-101.0,-13.0,0.0,,,,565,13322281271,629952
30-09-26 22:55:01,2406ERN9CI,Xiaomi,16,Airtel FastLane,5G NR,UNKNOWN,NONE,True,-101.0,-13.0,1.0,,,,565,13322281271,629952
30-09-26 22:55:04,2406ERN9CI,Xiaomi,16,Airtel FastLane,5G NR,UNKNOWN,NONE,True,-100.0,-13.0,1.0,,,,565,13322281271,629952
30-09-26 22:55:07,2406ERN9CI,Xiaomi,16,Airtel FastLane,5G NR,UNKNOWN,NONE,True,-101.0,-14.0,1.0,,,,565,13322281271,629952
